simulation,energy,chi2
rmc,904.3202090041954,13.710453092991374
hrmc,24.878821590452716,17.501057981511355
md,0.0,71.19592522007468
